,I1,I2,I3,I4,I5,I6,I7,I8,I9,I10,I11,I12,I13,I14,I15,I16,I17,I18,I19,I20
u1,4,0,4,5,2,4,4,4,5,5,4,0,5,0,0,5,0,5,5,5
u2,0,5,0,0,4,0,0,0,5,0,0,4,4,1,3,0,4,3,5,5
u3,0,0,0,0,0,0,0,0,0,0,0,2,0,2,2,4,0,2,0,0
u4,0,0,0,0,0,0,0,0,0,0,0,5,0,5,4,0,0,5,0,5
u5,4,0,0,5,0,3,3,0,0,5,4,0,4,0,0,5,0,0,5,4
u6,0,0,4,0,2,5,3,2,5,4,0,0,4,2,0,0,2,2,5,4
u7,0,0,5,4,5,4,4,5,5,5,5,4,0,1,4,3,4,4,5,5
u8,5,0,5,5,0,0,0,3,5,5,0,0,0,3,0,4,0,5,0,5
u9,0,0,0,0,0,0,0,4,0,0,0,0,0,4,0,0,5,0,0,5
u10,0,0,5,0,0,4,0,4,5,4,0,0,4,3,0,0,4,0,5,5
u11,3,0,4,0,4,2,0,0,0,0,3,3,0,0,0,0,5,5,4,0
u12,0,0,0,4,0,5,0,0,4,5,0,4,0,0,0,0,0,0,0,4
u13,3,4,5,5,5,4,0,2,5,4,5,1,3,2,1,5,3,4,5,5
u14,4,2,5,5,0,3,5,5,2,5,3,0,0,0,4,5,0,0,5,5
u15,3,0,0,0,3,0,0,1,2,0,3,4,1,0,0,5,2,3,0,5
u16,0,0,5,5,5,5,5,5,5,5,0,5,5,4,3,0,2,0,5,0
u17,3,0,0,0,2,0,4,4,0,0,0,0,4,4,0,0,3,0,4,0
u18,0,0,5,3,3,5,3,0,5,4,0,0,5,0,0,3,5,0,5,4
u19,0,2,0,0,0,0,0,0,0,0,0,0,0,3,3,0,0,4,0,0
u20,0,0,0,3,0,3,3,0,0,4,3,0,3,0,1,4,0,0,0,3
u21,2,0,5,0,0,5,0,5,5,0,1,3,5,3,3,0,3,4,5,3
u22,4,0,0,4,0,0,0,0,5,5,3,0,0,1,0,5,0,5,0,5
u23,4,0,4,4,0,5,3,4,0,4,0,0,5,1,0,4,0,5,5,4
u24,0,0,4,0,4,5,5,4,5,0,0,4,0,3,3,0,5,4,5,0
u25,4,0,0,0,0,5,4,4,3,5,4,0,5,0,0,5,0,5,0,5
u26,3,5,0,0,3,0,3,3,5,0,3,4,3,3,4,4,3,3,5,4
u27,0,0,0,0,0,0,0,0,0,0,4,0,0,0,3,0,3,0,5,3
u28,5,0,5,0,0,5,0,5,0,5,0,0,0,3,5,0,3,5,5,4
u29,0,0,0,0,0,4,0,0,0,0,0,3,0,4,0,0,5,0,0,0
u30,0,5,0,4,0,0,0,4,0,5,0,0,0,4,0,4,5,5,0,3
u31,0,0,0,0,0,0,0,0,0,0,0,0,0,0,0,0,0,0,0,0
u32,3,4,0,0,0,0,3,4,0,0,0,0,0,3,4,4,0,0,3,4
u33,0,5,0,0,0,0,0,0,0,0,0,4,0,3,4,0,0,4,0,0
u34,0,0,0,0,0,0,0,0,0,0,0,0,0,1,2,0,5,0,0,0
u35,0,0,0,0,0,0,0,0,0,0,0,5,0,0,0,0,0,2,0,0
u36,0,0,0,0,0,0,0,0,0,0,0,0,0,0,4,0,0,0,0,0
u37,3,0,5,4,0,0,0,4,4,5,2,0,0,0,4,0,0,0,0,5
u38,0,5,0,0,0,0,0,0,2,0,0,0,5,5,5,0,0,0,0,0
u39,0,4,0,0,0,0,0,0,0,0,0,3,0,4,5,0,0,4,0,0
u40,0,0,0,0,0,0,0,0,0,0,0,3,0,4,0,0,2,3,0,0
u41,0,3,4,0,0,4,0,0,0,4,0,0,4,0,0,4,4,0,4,5
u42,4,0,0,5,4,4,4,0,0,5,4,0,5,4,0,5,0,0,0,5
u43,4,5,5,4,4,5,4,4,4,4,4,5,5,5,0,4,4,5,4,4
u44,4,4,2,4,3,2,4,5,0,5,4,0,4,4,0,4,0,4,5,5
u45,0,0,0,0,4,0,2,3,5,0,4,0,5,0,3,4,0,0,5,5
u46,0,5,0,0,0,0,4,4,5,0,0,3,0,2,2,4,5,0,4,4
u47,0,0,0,0,0,0,0,0,0,0,0,0,0,0,2,0,3,4,0,0
u48,0,0,3,5,0,5,0,0,0,5,0,0,0,3,0,5,3,0,0,4
u49,0,3,5,1,0,4,5,4,0,1,1,1,2,1,0,1,0,2,4,1
u50,0,0,0,0,0,0,0,0,0,0,0,0,0,0,4,0,2,0,2,0
u51,0,0,0,5,0,0,0,0,0,0,0,0,0,0,0,5,0,0,0,5
u52,0,0,0,0,4,0,5,5,0,0,4,0,0,0,3,0,0,5,4,0
u53,0,0,0,0,0,0,4,3,0,5,4,0,0,0,0,4,0,4,5,4
u54,0,4,0,0,4,0,2,4,4,0,4,0,4,0,4,5,0,4,5,5
u55,0,0,4,0,0,0,0,3,0,4,3,0,0,0,0,4,0,0,0,4
u56,5,0,5,5,5,4,4,5,0,5,5,4,4,4,0,5,0,4,0,5
u57,5,0,3,0,4,0,3,4,0,0,4,0,5,4,4,5,0,5,5,5
u58,4,5,5,5,4,4,3,5,4,4,2,4,5,0,0,3,0,0,5,4
u59,0,5,5,5,3,5,5,4,5,5,4,0,2,0,5,5,3,3,5,5
u60,4,0,4,4,4,4,5,5,0,4,4,0,0,0,0,4,5,0,0,5
u61,0,0,0,0,0,0,0,0,0,0,0,5,0,2,0,0,0,4,0,0
u62,5,0,5,5,3,4,5,4,4,4,4,0,2,1,2,4,3,5,4,5
u63,3,0,0,0,3,0,0,0,0,0,1,4,3,2,3,3,4,3,5,4
u64,4,4,5,4,4,4,3,4,5,5,2,3,4,0,4,4,0,3,4,5
u65,0,0,3,0,4,4,0,1,0,0,4,0,3,4,0,0,0,3,3,5
u66,0,0,0,0,4,0,0,3,4,0,3,5,3,4,4,5,1,4,0,5
u67,0,0,0,0,0,0,4,5,0,0,4,0,3,0,0,0,0,0,0,0
u68,0,0,0,0,5,0,0,3,4,0,1,0,0,0,4,5,5,5,0,5
u69,3,0,5,5,3,5,5,5,0,5,0,3,0,2,5,5,0,4,5,5
u70,4,4,0,5,0,0,3,0,0,5,3,4,4,0,0,4,0,0,0,4
u71,3,0,5,0,0,4,1,0,0,2,0,0,0,0,0,3,4,0,4,3
u72,1,0,5,1,3,5,0,1,5,5,3,0,4,0,0,1,0,0,5,2
u73,0,0,4,0,0,0,0,4,5,0,0,0,2,0,3,0,4,0,4,0
u74,0,5,0,0,4,0,0,4,0,0,4,3,0,4,3,0,0,4,4,0
u75,5,0,5,0,2,0,5,0,0,0,4,0,4,3,0,0,0,0,5,0
u76,0,0,5,5,0,5,0,4,0,0,2,0,0,0,2,0,5,3,5,0
u77,4,0,4,3,0,4,0,0,2,5,2,0,5,0,0,3,0,0,3,4
u78,0,0,0,0,5,0,0,0,0,0,0,0,0,3,4,0,0,0,0,0
u79,4,2,0,0,0,0,0,5,0,0,0,0,4,0,3,0,5,5,5,4
u80,0,0,0,0,4,0,0,0,0,0,0,0,0,0,0,0,0,0,5,3
u81,2,0,0,0,4,5,2,4,0,0,4,0,4,0,3,0,0,0,3,0
u82,3,0,3,0,3,0,2,3,2,5,4,0,4,4,3,4,4,0,5,5
u83,0,0,1,0,0,0,3,0,4,5,4,3,4,3,0,4,0,0,0,3
u84,4,0,0,0,4,4,4,4,0,0,4,4,2,3,0,0,5,4,4,0
u85,2,4,4,4,3,4,0,0,5,4,2,3,0,0,0,4,4,4,3,5
u86,0,0,0,0,0,0,0,0,0,0,0,3,0,0,3,0,3,5,0,0
u87,4,0,4,5,0,0,0,4,4,5,5,3,0,0,0,5,0,0,5,5
u88,0,3,0,0,0,0,0,0,0,0,0,3,0,0,0,0,5,0,0,0
u89,5,0,0,0,4,0,5,5,5,0,5,0,5,0,0,4,0,0,5,5
u90,0,5,5,0,4,5,2,0,4,5,0,3,0,0,0,0,5,3,5,0
u91,0,4,1,4,0,5,0,0,5,5,0,4,0,3,0,5,0,0,0,5
u92,4,5,5,4,4,5,0,4,0,5,5,0,4,3,3,4,0,4,5,5
u93,4,0,0,0,0,0,1,0,0,0,3,0,5,0,0,0,0,0,0,0
u94,3,4,5,4,0,4,5,4,5,4,2,0,4,0,3,4,4,5,5,5
u95,0,0,0,4,2,4,4,5,4,5,4,0,5,2,0,4,5,0,0,5
u96,0,0,5,0,0,5,0,5,5,5,0,0,5,0,0,5,0,0,5,5
u97,5,0,0,4,0,4,0,5,0,4,0,0,4,0,0,0,0,0,2,5
u98,0,0,0,0,0,0,0,0,0,0,0,0,0,0,0,0,0,0,0,0
u99,0,5,5,5,5,5,0,4,0,5,3,4,4,4,4,5,0,5,5,5
u100,0,5,0,0,0,0,0,0,0,0,0,4,0,4,2,0,3,4,0,0
u101,3,0,0,0,5,0,3,3,0,0,4,0,3,0,4,4,0,0,0,4
u102,3,3,3,3,0,4,0,2,2,4,3,3,3,2,2,2,3,4,0,4
u103,3,0,5,0,0,3,0,0,4,0,3,3,0,4,0,4,0,0,0,5
u104,3,4,0,0,3,0,0,3,3,0,2,3,0,3,2,5,1,3,4,5
u105,0,5,0,0,0,0,0,0,0,0,0,0,0,0,4,0,4,5,0,0
u106,0,4,0,0,0,0,0,0,0,0,0,0,4,0,0,0,4,0,3,0
u107,0,2,0,0,0,0,0,0,0,0,0,1,0,0,3,0,2,4,0,0
u108,2,0,0,0,3,0,0,5,4,0,3,0,4,4,0,3,0,0,4,4
u109,4,0,5,5,4,4,5,4,2,5,5,0,4,4,5,5,0,5,4,5
u110,0,5,1,0,0,0,0,0,0,0,0,3,0,3,4,0,0,4,0,0
u111,0,4,0,0,0,0,0,0,0,0,0,0,0,0,0,0,4,4,0,0
u112,0,5,0,0,0,0,0,0,0,0,0,4,0,3,0,0,4,3,0,0
u113,3,0,0,0,3,0,0,3,4,0,0,3,0,4,3,0,4,5,4,5
u114,0,0,3,5,0,4,0,0,0,0,0,0,0,0,0,0,0,0,5,0
u115,0,0,5,4,2,3,0,5,5,5,3,0,0,0,0,4,0,0,5,5
u116,0,5,5,0,0,0,0,2,5,0,0,3,0,2,3,4,3,4,0,3
u117,5,5,5,5,4,4,4,3,0,4,4,0,4,0,3,5,0,4,0,5
u118,0,0,5,5,0,5,0,5,0,5,0,0,0,0,5,0,0,5,5,0
u119,5,5,4,4,5,0,0,5,0,4,4,5,0,1,4,4,5,2,5,5
u120,0,0,0,0,3,0,0,0,4,0,4,0,4,0,0,0,5,5,0,4
u121,0,5,0,5,5,5,0,0,5,3,2,3,4,4,0,5,0,0,4,5
u122,0,0,0,0,0,0,0,0,5,0,0,0,0,0,0,0,0,0,0,0
u123,0,0,0,0,0,4,0,0,5,0,0,0,0,1,3,0,5,0,4,3
u124,0,0,0,3,0,4,0,4,0,3,0,0,3,0,0,0,0,0,0,3
u125,5,0,1,5,0,5,0,0,0,5,0,5,4,4,0,5,0,5,0,5
u126,0,5,0,0,0,0,0,0,0,0,0,4,0,3,4,0,3,4,0,0
u127,5,0,0,0,0,0,0,0,0,0,0,5,0,4,5,0,1,5,0,4
u128,3,0,3,3,4,4,3,0,0,3,4,5,4,4,0,4,0,2,0,4
u129,0,3,0,0,0,0,0,0,0,0,0,3,0,0,1,0,5,2,0,0
u130,4,5,5,5,5,5,0,5,0,5,5,5,5,5,5,5,5,4,3,5
u131,0,5,0,0,0,0,0,0,4,0,0,0,4,0,0,0,5,0,5,0
u132,0,0,5,0,0,0,3,0,4,0,0,0,0,0,0,0,3,0,4,3
u133,0,3,0,0,0,0,0,0,0,0,0,3,0,3,0,0,2,5,0,0
u134,0,5,0,0,0,0,0,0,0,0,0,3,5,4,0,0,3,4,0,0
u135,0,0,4,0,0,5,0,0,0,0,0,0,0,4,3,0,0,4,0,0
u136,0,2,4,0,4,0,0,0,5,0,0,0,0,0,0,0,5,5,5,0
u137,5,0,0,5,4,0,0,0,0,5,5,5,3,0,0,5,0,0,0,5
u138,4,0,5,0,0,5,4,0,0,0,4,0,4,0,0,0,0,0,5,0
u139,3,0,0,0,3,0,0,0,5,0,0,0,0,0,4,0,4,0,5,0
u140,0,0,0,0,0,0,0,0,0,0,0,0,0,3,3,0,5,3,0,0
u141,4,5,0,0,4,0,2,5,2,0,4,5,3,4,3,4,4,5,4,4
u142,0,0,0,0,0,0,0,4,0,0,0,0,0,3,3,5,0,0,0,0
u143,0,5,0,0,0,0,0,0,0,0,0,0,0,3,5,0,2,3,0,0
u144,0,5,4,4,4,4,0,2,4,5,0,3,4,4,2,4,4,4,5,5
u145,5,4,5,5,5,5,0,5,0,5,2,3,3,4,0,5,3,4,5,5
u146,0,4,0,0,0,0,0,0,0,0,0,3,0,1,0,0,3,4,0,0
u147,0,4,0,0,0,0,0,0,0,0,0,0,0,0,0,0,5,4,0,0
u148,4,0,5,5,0,3,4,5,1,5,0,0,4,0,0,5,0,0,0,5
u149,0,5,0,0,0,0,0,0,0,0,0,3,0,0,0,0,5,3,0,0
u150,0,0,0,0,0,0,4,0,5,0,2,0,4,0,4,5,0,0,2,5
u151,5,0,4,5,0,4,5,4,0,5,5,4,5,0,0,5,5,5,3,5
u152,0,4,0,0,5,2,4,0,0,0,5,0,0,4,0,0,5,0,0,0
u153,0,0,5,1,0,0,0,0,3,1,0,0,0,2,0,1,0,5,0,1
u154,2,0,0,4,0,0,0,0,0,5,0,0,0,0,3,0,4,3,0,5
u155,0,0,0,0,0,0,0,0,0,0,0,2,0,3,3,0,4,0,0,0
u156,0,0,0,0,0,0,0,0,0,0,0,0,0,0,0,0,0,0,4,0
u157,0,5,0,0,0,0,0,0,5,0,0,0,5,0,0,0,5,3,5,4
u158,3,0,5,4,0,0,0,5,5,5,4,0,4,1,0,3,4,0,5,4
u159,0,0,0,0,3,0,0,5,5,0,3,0,0,4,3,0,1,4,0,0
u160,0,0,5,0,3,0,4,3,5,5,0,0,4,0,5,0,0,0,5,4
u161,0,0,3,0,0,4,0,0,3,2,0,0,0,0,0,2,2,0,4,2
u162,4,0,0,0,4,0,3,3,0,4,4,0,4,3,0,4,0,0,0,5
u163,0,0,4,0,0,4,0,0,0,0,0,3,0,0,3,0,3,4,0,0
u164,4,5,0,0,2,0,0,0,0,0,5,5,0,0,0,5,0,5,5,0
u165,5,0,0,0,0,0,0,0,4,4,0,0,0,0,2,5,0,5,0,0
u166,0,5,0,0,0,0,0,0,0,0,0,5,0,3,3,0,1,4,0,0
u167,4,0,0,0,4,0,0,0,0,0,0,0,0,0,3,0,0,0,0,0
u168,5,5,0,0,0,0,5,1,0,0,4,5,5,4,1,4,0,4,4,0
u169,0,0,0,5,0,0,0,0,4,4,0,5,0,0,0,5,0,5,0,5
u170,0,0,0,0,0,0,0,0,0,0,0,5,0,3,3,0,0,3,0,0
u171,0,4,0,0,0,0,0,0,0,0,0,0,0,0,2,0,3,4,0,0
u172,0,0,0,0,0,0,0,0,0,0,0,0,0,0,0,0,0,0,0,0
u173,0,0,0,0,0,0,0,0,0,0,0,4,0,5,0,0,5,4,0,0
u174,0,0,5,0,4,5,3,0,0,0,0,0,3,0,3,0,5,0,5,4
u175,0,0,2,5,0,5,0,0,5,0,0,0,0,0,0,0,0,0,2,5
u176,5,0,0,0,3,0,4,5,0,0,0,0,0,2,3,3,2,4,5,5
u177,0,0,5,5,0,5,0,4,5,4,2,2,3,4,5,4,0,3,5,5
u178,4,5,4,4,4,5,0,4,5,5,5,5,4,2,5,5,3,4,4,5
u179,0,4,0,0,0,0,0,0,0,0,0,4,0,0,5,0,0,5,0,0
u180,5,0,5,0,0,5,0,0,0,0,5,0,0,0,0,2,0,5,0,0
u181,4,0,0,0,5,0,2,4,0,0,4,3,3,2,4,0,1,3,3,0
u182,3,0,0,5,3,0,0,0,0,0,3,0,4,0,0,5,0,0,3,5
u183,4,0,0,0,0,0,0,0,0,0,3,0,0,3,0,2,0,3,0,2
u184,0,4,3,4,4,4,0,3,5,3,2,0,4,0,0,4,4,3,5,4
u185,0,0,0,0,4,0,0,0,5,0,0,0,0,0,0,4,4,4,0,4
u186,0,0,3,0,2,5,0,0,0,0,2,5,0,3,1,0,0,1,4,0
u187,0,0,0,0,0,0,0,0,0,0,0,4,0,0,0,0,0,0,0,0
u188,0,0,4,0,3,5,3,5,4,5,4,4,0,2,4,3,0,0,4,4
u189,0,2,5,5,0,0,5,3,4,5,2,0,5,5,0,3,0,0,4,5
u190,4,5,0,0,5,0,0,4,0,0,3,4,0,3,5,0,0,3,4,0
u191,0,5,0,0,0,0,0,0,0,0,0,4,0,0,3,0,4,0,0,0
u192,0,0,0,0,0,0,0,4,4,0,2,0,0,0,0,0,0,5,5,4
u193,0,4,1,0,4,0,0,0,5,4,3,4,4,1,1,0,4,3,5,0
u194,1,0,5,3,3,4,0,3,5,4,2,0,4,4,0,3,1,0,4,3
u195,0,5,0,0,0,0,0,0,5,0,0,3,0,0,0,5,0,4,5,0
u196,0,0,0,0,0,0,0,0,0,0,0,0,0,0,0,0,5,0,0,0
u197,0,4,1,5,0,0,0,0,5,5,0,4,0,4,3,5,1,4,0,5
u198,3,0,5,4,2,4,4,4,5,5,3,2,4,0,0,4,0,4,1,5
u199,0,4,0,0,0,0,0,4,0,0,0,0,1,1,0,0,5,4,3,0
u200,5,5,4,5,0,5,3,4,0,5,5,0,5,4,5,0,4,4,0,5
u201,3,5,5,5,4,4,0,3,5,3,2,0,3,0,4,2,2,2,4,4
u202,0,0,0,3,0,0,0,0,0,0,0,0,3,0,0,0,1,4,0,0
u203,4,0,0,0,3,0,4,3,0,0,0,0,3,2,5,5,0,3,1,5
u204,0,0,0,3,0,0,0,0,0,0,0,3,2,0,3,0,3,2,0,0
u205,0,3,0,0,0,0,0,0,0,0,0,3,0,3,0,0,2,3,0,0
u206,0,5,0,0,0,0,0,0,0,0,0,1,0,2,5,0,0,4,0,0
u207,0,4,4,0,4,4,0,0,5,4,3,0,0,3,0,3,2,4,2,0
u208,0,0,2,0,0,0,0,0,0,0,0,0,0,0,0,0,0,0,0,0
u209,0,0,0,0,0,0,0,0,5,0,0,0,5,0,0,4,2,2,0,5
u210,4,0,5,5,0,5,0,0,5,5,4,4,5,0,0,5,0,0,0,5
u211,0,0,0,0,0,0,0,0,4,0,0,2,0,0,0,1,4,0,0,0
u212,0,0,0,0,0,0,0,0,2,0,0,0,0,0,0,0,4,0,0,0
u213,3,0,5,5,0,5,5,4,5,5,5,0,2,3,4,4,3,4,5,5
u214,0,4,5,3,0,4,5,5,4,4,4,0,0,3,3,3,0,0,4,3
u215,4,5,5,4,4,5,5,0,4,4,0,3,0,0,2,4,0,3,0,5
u216,0,5,5,4,5,5,3,5,0,5,0,0,4,0,0,3,4,0,5,4
u217,5,0,5,1,0,0,0,4,0,3,1,4,0,0,0,1,0,1,0,1
u218,0,0,3,0,0,5,0,0,0,0,0,0,0,2,2,0,0,0,4,0
u219,0,0,0,0,0,0,0,0,0,0,0,0,0,0,0,0,0,5,0,0
u220,0,0,0,0,0,0,0,0,0,0,0,5,0,4,5,0,5,3,0,0
u221,3,0,5,5,0,0,1,4,0,4,2,0,0,0,3,4,4,1,5,4
u222,4,4,5,5,4,4,3,5,5,5,3,5,4,3,4,4,0,5,5,4
u223,0,5,0,0,5,0,0,0,0,0,3,3,4,4,3,0,1,1,0,0
u224,4,5,0,0,3,0,0,0,0,0,0,4,0,4,0,0,3,3,0,0
u225,0,0,0,5,5,5,0,0,0,0,0,0,0,0,0,0,4,0,0,0
u226,0,0,4,0,0,5,0,4,0,4,0,0,0,0,0,0,4,5,0,0
u227,0,0,0,0,0,0,0,5,4,0,2,0,0,3,2,0,3,0,5,4
u228,0,5,2,0,0,3,0,0,0,0,0,0,0,0,4,0,5,0,0,0
u229,0,2,0,0,0,0,0,0,0,0,0,2,0,0,4,0,4,2,0,0
u230,0,0,3,4,5,5,0,3,0,5,4,0,5,5,0,4,0,0,4,5
u231,0,3,0,0,0,0,1,0,3,0,4,4,3,0,0,4,0,0,0,4
u232,0,3,5,4,0,4,0,0,3,0,0,0,4,2,0,4,3,0,5,4
u233,0,5,5,0,0,5,0,0,5,5,4,0,0,0,0,0,3,0,4,3
u234,3,4,3,3,3,4,3,2,4,3,0,3,3,3,3,3,3,2,4,4
u235,0,0,0,0,4,0,0,4,0,4,0,0,4,0,0,3,0,0,4,5
u236,4,4,5,3,4,5,2,0,5,3,0,0,0,2,0,4,5,0,3,3
u237,0,0,0,0,0,4,0,0,5,4,0,0,0,0,0,0,3,0,5,0
u238,0,0,0,0,3,0,2,0,0,0,4,4,0,3,0,3,5,3,0,0
u239,0,0,4,4,0,5,0,0,0,4,0,1,0,0,2,3,1,0,3,5
u240,0,5,0,0,0,0,0,0,0,0,0,3,0,0,5,0,5,0,0,0
u241,0,4,0,0,0,0,0,0,0,0,0,4,0,3,5,0,5,0,0,0
u242,0,0,0,0,4,0,0,0,0,0,0,0,4,4,0,0,0,0,0,0
u243,0,0,0,0,2,0,3,3,4,0,0,0,4,0,0,0,4,0,0,0
u244,2,0,5,4,5,0,5,4,0,3,1,0,4,4,0,4,0,5,4,5
u245,4,0,0,0,0,0,3,0,0,0,0,4,0,0,0,4,0,4,0,4
u246,0,0,1,5,0,4,5,0,0,3,4,0,4,2,5,5,0,0,4,5
u247,3,0,0,0,0,0,4,4,0,0,4,2,4,0,0,4,0,5,3,5
u248,0,0,0,4,0,5,0,2,5,3,2,0,3,3,0,4,0,0,4,5
u249,4,0,5,3,5,5,0,5,0,4,3,4,4,3,0,3,0,5,5,4
u250,4,5,4,0,2,5,4,4,4,3,0,0,4,1,4,4,0,4,5,5
u251,4,5,0,5,5,0,5,3,0,0,4,4,4,3,4,4,0,3,4,5
u252,0,0,0,0,0,0,0,4,0,0,0,4,5,0,0,0,5,0,5,0
u253,4,0,3,0,4,5,0,0,5,0,5,4,5,4,0,0,0,0,4,4
u254,4,5,0,5,0,4,2,0,0,5,3,0,3,0,0,5,1,4,0,5
u255,3,0,5,0,0,5,0,2,0,0,2,3,0,2,4,0,0,4,3,0
u256,4,0,3,3,4,5,5,4,4,4,5,0,5,3,5,4,0,0,4,4
u257,0,5,0,0,2,0,4,0,0,0,3,0,0,0,3,5,5,3,5,5
u258,0,5,0,0,0,0,0,0,0,0,0,5,0,4,1,0,5,2,0,0
u259,0,5,0,4,0,4,0,0,0,0,3,0,0,3,3,4,4,0,0,0
u260,0,5,0,0,0,0,0,0,0,0,0,3,0,0,3,0,0,3,0,0
u261,0,0,0,0,0,0,0,0,0,0,0,5,0,4,4,0,0,0,0,0
u262,0,0,4,2,3,4,0,4,0,3,3,0,3,2,3,3,0,4,3,2
u263,4,0,0,0,2,4,0,0,4,5,0,3,5,2,0,4,0,3,5,5
u264,5,0,5,0,0,5,0,5,0,0,0,0,0,3,5,0,2,0,5,0
u265,0,0,0,0,5,0,2,2,0,0,0,5,5,4,4,2,0,4,5,2
u266,0,4,0,0,3,0,0,0,0,0,0,0,0,0,0,0,4,0,5,0
u267,4,0,5,5,0,5,0,5,5,5,3,0,0,3,0,5,0,0,5,5
u268,4,0,4,5,0,4,3,4,4,5,2,0,3,3,4,4,5,2,3,5
u269,0,0,5,3,2,4,5,3,4,1,1,0,0,0,0,2,0,0,5,3
u270,5,0,5,0,1,5,0,4,0,0,4,0,0,0,5,4,5,3,0,5
u271,0,4,3,5,4,5,0,0,5,5,2,2,3,2,0,5,4,3,5,5
u272,0,0,5,4,0,4,0,0,5,5,0,0,0,0,4,0,0,0,0,4
u273,0,3,0,0,0,0,0,0,0,0,0,0,0,0,0,0,3,0,0,0
u274,0,0,0,0,4,5,0,0,0,0,0,5,4,3,4,5,0,5,5,5
u275,4,0,0,0,0,4,0,0,0,4,3,4,4,4,0,4,0,3,0,4
u276,4,5,5,5,5,5,5,5,5,5,4,4,5,4,4,5,0,5,5,5
u277,0,0,0,0,4,0,3,2,0,0,2,0,4,0,0,3,5,4,4,3
u278,0,5,0,0,0,4,0,0,0,0,0,0,0,4,5,0,5,3,0,0
u279,1,0,4,2,0,0,4,5,0,4,4,0,3,2,3,3,0,0,4,3
u280,3,3,5,3,3,5,0,4,5,3,0,0,4,2,5,3,4,0,3,3
u281,0,0,0,0,0,0,0,0,0,0,0,4,0,3,4,0,0,2,0,0
u282,0,0,0,0,0,0,0,0,0,0,0,3,0,4,4,0,0,5,0,0
u283,0,0,5,0,0,0,4,0,0,0,0,0,0,4,2,0,0,0,4,5
u284,0,3,0,0,0,0,0,0,0,0,0,3,0,0,0,0,4,4,0,0
u285,4,5,0,0,4,0,5,0,0,0,0,4,0,0,5,0,3,2,4,0
u286,0,0,2,4,2,0,5,4,4,4,3,0,4,0,5,3,0,4,3,4
u287,5,4,5,0,5,4,0,0,0,0,4,0,5,5,0,3,0,0,5,5
u288,0,0,0,0,4,5,0,0,5,4,2,5,0,2,0,0,4,4,5,4
u289,2,0,0,0,0,0,2,4,0,0,3,0,3,0,0,0,0,0,0,0
u290,4,0,0,5,0,4,2,0,0,5,4,0,5,0,0,5,0,0,0,5
u291,0,0,5,5,4,5,5,5,0,5,2,0,5,5,5,5,0,0,5,5
u292,3,0,5,0,0,5,5,3,5,5,0,4,4,0,3,4,0,0,5,4
u293,3,4,4,5,3,4,4,3,5,5,3,2,2,2,3,3,3,3,4,5
u294,4,5,0,0,4,0,5,4,5,0,5,4,5,4,5,5,5,3,4,5
u295,4,0,4,4,4,5,4,5,0,4,4,0,4,0,0,4,0,0,5,5
u296,5,5,5,5,5,5,2,5,5,0,5,0,5,1,0,5,5,5,5,5
u297,4,0,5,0,4,5,3,4,0,5,0,3,3,3,3,4,5,5,5,5
u298,0,0,0,4,5,4,3,0,5,5,4,0,5,3,0,4,4,0,0,5
u299,2,3,4,0,2,4,4,3,5,4,0,4,3,2,3,3,4,0,3,4
u300,0,0,0,0,0,0,0,0,0,0,0,4,0,3,4,0,0,0,3,0
u301,4,0,4,5,4,4,2,4,4,5,4,4,4,4,4,5,0,4,5,5
u302,0,0,0,0,0,0,0,0,0,0,0,0,0,1,0,0,0,3,0,0
u303,3,0,5,5,5,5,5,4,5,5,3,1,5,4,4,5,5,4,5,5
u304,0,5,0,0,5,0,0,0,0,0,0,5,0,4,3,0,1,0,0,0
u305,2,0,1,4,2,4,4,4,5,3,3,3,5,0,0,4,4,4,3,5
u306,0,0,0,0,0,0,0,0,0,0,0,0,0,0,0,0,4,2,4,0
u307,4,5,4,5,0,0,0,0,0,4,1,0,5,0,0,5,3,5,3,5
u308,0,3,5,4,3,3,4,4,4,4,3,0,4,3,4,4,0,0,5,5
u309,0,0,0,0,0,0,0,0,0,0,0,3,0,0,0,0,4,5,0,0
u310,3,0,0,0,0,0,0,0,0,0,0,0,0,1,0,4,0,3,0,5
u311,4,0,5,5,0,5,0,0,4,5,4,4,4,4,0,4,0,4,1,5
u312,3,0,0,4,0,4,2,0,0,5,3,0,5,0,0,4,0,0,4,5
u313,3,0,2,4,2,4,1,0,5,4,4,4,4,0,0,4,0,3,5,5
u314,0,0,1,0,5,0,4,4,0,0,4,0,5,5,5,0,0,0,0,0
u315,0,0,5,0,0,4,0,0,5,0,2,0,0,0,3,0,5,0,5,0
u316,0,0,0,1,0,5,0,0,2,1,0,0,0,0,0,0,5,0,4,1
u317,0,4,0,0,0,0,0,0,0,0,0,4,0,0,4,0,0,0,0,0
u318,0,0,3,0,5,0,0,0,5,4,1,0,0,4,0,0,3,0,5,2
u319,0,5,0,0,0,0,0,0,0,0,0,0,0,0,0,0,0,0,0,0
u320,0,0,5,4,0,0,0,4,0,4,5,4,3,4,4,0,0,0,4,4
u321,0,0,4,0,0,0,0,4,3,3,0,0,0,0,0,0,4,0,4,4
u322,0,5,0,0,0,0,0,0,4,0,0,0,2,0,0,0,0,4,0,5
u323,3,0,5,5,0,4,4,2,5,0,3,2,0,3,3,5,3,4,4,5
u324,0,0,0,0,0,0,0,0,4,0,0,5,5,5,5,0,5,4,0,5
u325,0,2,0,4,0,4,0,0,5,2,0,0,2,0,0,4,4,0,4,5
u326,0,0,2,4,2,5,0,0,1,4,0,0,3,0,0,4,0,0,0,5
u327,2,4,2,4,4,4,4,3,4,4,2,2,4,3,4,4,2,1,4,3
u328,3,4,4,4,4,4,0,4,5,0,4,5,0,3,0,4,5,5,5,4
u329,0,4,0,0,0,4,0,3,4,4,0,4,0,2,2,4,4,3,4,4
u330,0,0,0,5,4,5,4,0,0,5,4,0,5,0,0,5,5,0,4,5
u331,0,0,0,0,0,0,0,4,0,0,0,0,1,0,0,0,4,0,4,0
u332,4,5,5,5,5,5,0,4,5,5,5,5,4,5,5,5,0,5,0,5
u333,0,0,0,0,0,4,0,0,4,5,0,4,0,3,0,0,0,0,4,0
u334,4,4,4,3,4,4,4,5,4,4,3,3,0,0,3,4,4,4,5,5
u335,0,3,0,0,0,0,0,0,0,0,0,5,0,0,4,0,0,1,0,0
u336,0,0,4,0,5,0,1,0,0,0,4,0,3,4,3,0,0,0,3,4
u337,5,0,0,0,0,0,5,0,3,0,5,0,0,0,0,2,0,0,0,5
u338,0,0,3,0,0,0,0,0,0,4,0,0,3,1,0,0,4,0,4,0
u339,4,0,5,0,0,4,4,4,5,4,3,0,5,0,3,4,5,3,5,4
u340,0,0,0,4,0,0,0,0,0,4,0,0,5,0,0,4,0,0,0,4
u341,0,0,0,0,0,0,0,0,0,0,0,0,0,3,4,0,0,0,0,0
u342,0,0,5,0,4,3,0,4,0,2,0,0,0,3,5,0,4,0,5,0
u343,4,0,5,0,4,5,0,5,5,5,2,0,5,0,2,0,4,5,5,5
u344,4,3,0,4,3,4,5,4,5,5,3,0,3,0,4,3,3,3,5,5
u345,0,4,5,4,4,5,5,0,0,4,3,3,3,3,3,4,3,4,5,5
u346,0,0,5,5,4,2,4,2,5,5,4,5,0,3,2,5,0,0,3,5
u347,4,0,5,5,4,5,3,4,5,4,3,5,4,1,5,5,3,4,3,5
u348,0,5,0,0,4,0,3,4,0,0,5,0,4,4,5,0,0,0,4,0
u349,0,0,0,0,2,0,0,0,0,0,2,0,0,0,3,0,0,0,4,0
u350,0,0,0,5,0,4,0,0,5,5,0,0,4,0,0,4,5,3,0,5
u351,0,5,0,0,0,0,0,0,0,0,0,5,0,0,3,0,5,5,0,0
u352,0,0,5,5,0,5,0,3,0,5,0,0,0,0,0,4,0,0,4,5
u353,0,5,0,0,0,0,0,0,0,0,0,3,0,0,0,0,5,5,0,0
u354,3,3,0,0,0,3,3,4,0,4,0,0,0,0,0,4,4,4,5,4
u355,0,0,0,0,0,0,0,0,0,0,0,4,0,0,5,0,5,0,0,0
u356,0,5,0,0,0,0,0,0,0,0,0,3,0,1,4,0,3,5,0,0
u357,5,0,0,0,5,0,5,3,0,0,5,0,5,4,0,0,0,4,0,0
u358,0,0,0,0,0,0,0,0,1,1,0,0,0,0,0,0,0,4,0,0
u359,0,5,0,0,0,0,0,5,0,0,4,0,4,0,0,5,5,0,0,5
u360,2,0,4,4,4,0,0,0,5,3,0,0,3,0,0,4,5,4,5,4
u361,2,0,4,0,4,5,0,0,0,0,2,0,0,0,0,0,5,3,5,5
u362,0,4,0,0,0,0,0,0,0,0,0,5,0,3,4,0,0,4,0,0
u363,5,5,5,5,2,3,4,3,4,4,2,0,2,0,4,5,0,3,5,5
u364,0,0,0,0,0,0,0,0,0,0,0,0,0,5,4,0,5,0,0,0
u365,4,0,0,0,3,0,4,2,0,0,0,0,4,1,5,0,0,4,5,0
u366,0,0,5,0,0,5,0,2,0,0,0,0,0,0,4,0,0,0,0,0
u367,0,0,5,0,0,5,0,5,0,0,0,0,0,0,5,0,0,4,5,5
u368,0,5,4,0,0,3,0,4,4,0,0,0,0,0,3,4,0,0,4,4
u369,0,0,0,5,0,0,0,0,0,0,0,0,0,0,0,5,0,0,0,5
u370,3,0,2,4,0,4,0,0,0,3,0,0,0,1,0,4,0,0,4,4
u371,0,0,0,0,5,5,0,0,4,4,0,0,4,0,0,3,0,0,0,4
u372,0,0,4,0,0,5,0,3,0,0,0,0,0,0,5,0,5,0,3,0
u373,0,0,0,5,0,0,4,0,2,4,0,0,0,0,0,5,3,0,3,5
u374,4,0,5,3,5,5,3,1,4,5,4,0,4,2,4,3,0,0,5,3
u375,0,0,0,0,0,0,0,0,0,0,0,4,0,0,4,0,0,0,0,0
u376,0,0,0,0,3,5,0,0,0,0,0,0,0,0,3,4,0,0,4,0
u377,0,5,4,0,0,5,0,4,0,0,0,0,0,5,5,0,0,4,3,0
u378,3,5,4,4,4,5,3,4,0,4,4,4,4,2,3,4,5,4,4,4
u379,0,0,5,4,0,5,4,5,5,5,0,3,4,3,0,4,4,0,5,4
u380,3,4,0,3,0,4,4,3,0,4,3,3,4,0,0,3,5,4,4,4
u381,0,2,0,0,0,0,5,0,0,0,2,0,5,5,0,0,0,0,4,5
u382,0,0,5,0,0,3,4,2,3,0,0,0,0,0,0,0,2,2,4,1
u383,0,2,0,0,4,0,0,0,0,0,0,0,0,0,0,0,5,0,4,0
u384,0,5,0,0,0,0,0,0,0,0,0,4,0,0,0,0,4,4,0,0
u385,0,0,5,2,0,4,2,0,4,2,0,0,0,0,0,1,3,0,4,1
u386,4,0,0,0,0,0,0,3,5,0,3,0,0,0,0,3,0,0,0,4
u387,4,0,5,4,0,4,3,5,4,5,2,0,4,2,3,4,2,4,5,5
u388,0,5,3,0,5,5,0,0,0,0,4,4,5,4,5,0,0,5,3,0
u389,0,0,5,5,0,4,4,0,5,4,0,3,4,0,0,4,2,0,5,5
u390,0,0,0,0,0,0,0,0,0,0,0,5,5,0,0,4,4,5,5,0
u391,2,0,5,0,4,4,0,0,5,5,0,2,0,2,3,0,4,3,4,4
u392,0,5,0,5,0,5,0,0,5,5,0,2,0,4,4,5,2,2,0,5
u393,4,4,2,5,4,0,0,4,0,0,4,0,3,4,3,4,0,4,1,5
u394,4,5,5,4,0,5,5,5,0,5,4,0,4,4,4,4,0,0,0,5
u395,0,3,0,5,4,5,3,0,5,5,3,3,5,0,2,5,4,4,4,5
u396,5,0,0,0,4,0,3,0,0,0,5,3,4,0,3,0,0,0,2,0
u397,0,4,5,5,0,0,0,5,5,5,0,0,0,0,4,4,4,0,5,5
u398,0,0,4,5,3,0,0,0,4,5,0,0,5,0,0,4,0,0,3,5
u399,3,0,3,3,3,4,2,0,2,3,3,0,4,0,3,3,0,0,3,3
u400,0,5,0,0,0,0,0,0,0,0,0,4,0,3,4,0,4,5,0,0
u401,0,0,0,3,3,0,1,0,1,4,3,0,2,1,0,3,2,0,4,1
u402,4,0,0,0,4,0,5,4,5,0,0,0,5,0,0,4,5,4,5,4
u403,5,0,0,0,5,0,4,5,4,0,5,0,4,0,4,4,0,4,5,5
u404,0,5,0,0,0,0,0,0,0,0,0,4,0,4,3,0,1,4,0,0
u405,0,4,4,5,0,4,0,0,5,5,0,0,0,0,5,5,0,0,0,5
u406,3,0,5,5,1,4,2,4,4,4,5,0,4,3,0,5,3,0,4,5
u407,4,4,5,4,0,5,4,4,3,5,4,0,4,0,4,3,4,4,5,4
u408,0,4,0,0,0,0,0,0,0,0,0,3,0,5,4,0,3,3,0,0
u409,0,0,0,5,0,5,0,0,4,4,0,3,0,0,1,4,5,0,5,5
u410,0,5,0,0,0,0,0,0,0,0,0,3,0,0,0,0,4,2,0,0
u411,3,0,4,5,0,0,0,0,0,4,0,0,4,0,0,5,0,4,0,5
u412,0,0,5,5,0,0,0,5,0,5,0,0,4,0,4,0,0,0,0,0
u413,4,0,0,0,4,0,0,3,0,0,0,4,0,0,0,5,5,4,4,5
u414,0,4,0,0,0,0,0,0,0,0,0,4,0,2,5,0,0,5,5,0
u415,0,0,5,0,0,0,0,0,0,5,0,0,0,0,0,0,0,4,0,0
u416,0,5,5,5,3,5,3,4,5,5,5,4,5,4,5,5,5,5,5,5
u417,3,0,5,3,0,5,5,3,4,3,3,0,4,4,3,3,5,4,3,3
u418,0,3,0,0,0,0,0,0,0,0,0,3,0,0,5,0,0,5,0,0
u419,0,0,0,0,0,0,0,0,0,5,0,4,4,0,0,4,4,0,5,5
u420,0,0,0,0,0,0,0,0,5,0,0,0,0,0,3,0,4,0,5,0
u421,0,0,5,5,0,5,0,3,4,5,0,0,0,0,0,0,0,0,4,5
u422,4,0,0,0,4,5,4,3,4,0,0,0,3,3,3,4,5,4,4,4
u423,0,4,0,0,4,0,0,0,4,0,0,3,0,0,0,0,4,5,5,0
u424,0,0,0,3,0,0,2,0,4,0,0,2,1,5,1,0,4,2,5,3
u425,5,1,5,5,0,4,0,3,4,3,4,2,2,2,5,4,1,2,4,5
u426,0,0,0,0,0,4,0,0,0,3,0,0,0,0,0,0,0,0,4,4
u427,0,0,0,0,0,0,0,0,0,0,0,4,0,0,0,0,4,4,0,0
u428,0,5,0,0,0,0,0,0,0,0,0,5,0,4,4,0,3,0,0,0
u429,4,0,4,5,3,4,5,2,4,4,3,3,3,0,3,5,0,4,5,5
u430,4,0,4,0,5,5,4,3,4,0,2,3,0,2,4,4,4,4,5,4
u431,0,0,0,0,0,0,0,0,0,0,0,4,0,5,0,0,4,0,0,0
u432,4,4,0,0,5,0,4,2,0,0,4,4,2,4,5,5,0,4,3,5
u433,0,0,0,0,0,0,0,0,0,5,0,3,0,3,0,0,5,0,0,5
u434,0,0,0,0,5,0,5,1,0,0,4,0,4,0,5,0,0,0,0,0
u435,3,5,5,5,0,5,3,4,4,5,3,2,5,4,4,5,0,4,3,5
u436,0,5,0,3,0,4,0,0,5,3,0,0,0,0,4,0,0,0,0,4
u437,0,0,4,4,4,5,5,0,0,5,3,0,0,0,2,4,2,0,4,5
u438,0,0,0,0,5,0,0,0,0,0,5,4,4,0,0,4,2,0,4,5
u439,0,0,0,0,5,0,0,4,0,0,2,4,0,0,3,0,0,0,3,0
u440,0,4,0,0,0,0,0,0,0,0,0,3,0,0,0,0,0,4,0,0
u441,0,4,0,0,0,0,0,4,0,0,4,3,5,4,2,0,0,0,3,0
u442,3,3,5,5,0,4,0,4,0,4,2,0,0,2,4,4,2,0,2,0
u443,0,4,0,0,0,0,0,0,0,0,0,0,0,5,0,0,5,5,0,0
u444,0,4,0,0,0,0,0,0,0,0,0,4,0,0,0,0,2,3,5,5
u445,0,2,5,0,2,0,4,1,2,4,1,1,3,0,2,2,0,0,2,2
u446,0,0,0,0,0,0,0,0,0,0,0,3,0,1,2,0,3,0,0,0
u447,3,0,5,0,4,4,3,5,0,5,5,4,3,4,4,5,2,5,5,5
u448,0,0,0,0,0,0,0,0,0,0,0,0,0,0,1,0,2,4,0,0
u449,0,0,0,0,0,0,0,0,5,0,0,0,0,0,3,0,4,0,5,0
u450,3,5,4,4,5,4,5,4,5,5,3,4,4,4,3,4,4,4,4,5
u451,0,0,0,0,0,0,0,0,0,0,0,4,0,5,5,0,1,4,0,0
u452,0,0,0,4,2,5,0,5,5,4,5,0,0,2,2,4,4,0,5,5
u453,0,0,5,5,4,4,3,5,0,4,0,0,0,0,4,5,0,4,5,5
u454,3,5,3,2,4,1,0,0,0,4,4,4,3,0,0,3,3,4,4,4
u455,3,4,5,4,3,4,0,4,5,4,4,4,4,0,2,4,5,5,4,5
u456,2,0,5,5,0,3,0,0,5,4,2,0,2,1,0,3,3,4,3,4
u457,5,0,4,5,4,5,5,4,5,5,4,0,4,2,4,4,0,5,5,5
u458,0,0,5,0,4,3,0,4,5,3,1,0,4,0,3,2,4,0,4,2
u459,4,0,0,5,0,5,0,5,4,4,5,4,4,5,0,4,4,3,1,4
u460,0,4,0,0,0,0,3,3,4,0,0,0,2,2,2,0,4,3,5,0
u461,0,4,0,0,0,0,0,0,0,0,2,0,0,3,0,0,0,4,0,3
u462,0,5,0,0,5,0,0,0,0,0,0,5,0,0,5,4,0,0,4,0
u463,0,4,0,0,4,0,4,4,5,0,3,0,1,0,1,0,4,5,4,4
u464,0,0,0,0,0,0,0,0,5,0,0,4,0,4,4,3,3,5,0,4
u465,0,0,4,3,0,4,3,5,4,3,0,3,4,0,0,3,4,5,3,4
u466,0,5,4,4,0,3,0,4,3,5,3,3,0,3,4,4,0,4,0,5
u467,3,0,0,0,0,0,0,5,5,0,0,0,4,0,4,3,0,2,5,4
u468,4,0,5,4,4,5,0,3,4,5,4,0,5,3,0,3,4,4,5,5
u469,0,0,0,0,0,0,0,0,4,0,0,0,0,0,0,0,5,0,0,0
u470,3,0,0,0,0,0,0,3,0,0,0,0,3,3,4,4,4,4,4,5
u471,0,0,0,4,0,0,2,0,0,0,0,0,4,0,0,0,0,0,0,3
u472,5,5,5,5,0,0,3,5,0,5,5,0,5,4,5,5,0,5,5,5
u473,0,0,0,0,0,0,0,2,5,0,0,0,0,0,0,0,0,0,0,0
u474,4,4,5,5,4,5,3,5,5,5,4,0,0,3,3,5,5,4,5,5
u475,0,2,0,0,0,0,0,0,4,0,0,0,0,0,0,0,2,1,5,5
u476,0,0,4,0,0,0,0,0,0,0,0,5,0,3,4,0,0,0,0,0
u477,0,0,0,0,4,0,0,0,0,0,0,0,0,4,0,0,0,0,0,0
u478,2,0,0,0,5,5,5,1,0,0,0,3,4,0,5,0,0,0,5,3
u479,4,0,0,4,0,0,4,0,5,5,4,2,5,3,3,5,1,5,3,4
u480,0,0,4,3,2,4,0,0,3,5,0,0,0,1,0,0,0,3,4,4
u481,0,4,0,0,0,4,0,0,0,0,0,0,0,0,0,5,0,0,4,4
u482,0,5,0,0,0,0,0,0,4,0,0,0,0,4,3,0,3,2,0,4
u483,3,2,0,0,3,0,2,0,0,0,2,0,4,0,0,4,3,4,0,5
u484,5,5,5,5,3,4,4,4,0,5,4,4,5,4,0,5,0,5,0,5
u485,0,4,0,0,0,0,0,0,0,0,0,0,0,1,3,0,2,0,0,0
u486,3,0,0,0,4,0,2,5,5,0,3,4,4,2,4,4,2,5,5,5
u487,4,3,4,4,4,5,0,0,0,5,4,5,5,4,4,4,2,5,5,4
u488,4,0,4,3,0,4,0,0,4,4,0,4,3,4,2,4,1,4,2,4
u489,0,4,0,0,0,0,0,0,0,0,0,5,0,3,4,0,4,5,0,0
u490,3,0,0,0,1,0,1,3,5,0,0,0,3,0,0,4,2,2,3,5
u491,0,0,0,0,3,0,0,3,3,0,0,0,0,2,0,0,4,4,5,0
u492,0,0,5,3,0,0,0,0,5,0,0,0,0,0,0,0,4,0,4,0
u493,3,0,4,5,0,4,3,3,3,3,5,4,3,0,4,5,0,5,5,5
u494,5,0,0,0,4,4,0,0,5,5,4,5,3,4,0,4,4,0,5,5
u495,5,0,5,5,0,5,5,0,4,5,5,0,4,0,4,5,0,0,0,5
u496,3,0,5,5,0,4,3,4,0,4,0,0,0,0,2,5,0,0,0,5
u497,3,0,4,5,3,4,3,3,5,4,4,3,4,4,2,5,0,4,4,5
u498,3,0,3,3,2,4,4,3,4,3,2,0,0,0,3,2,0,2,3,4
u499,0,5,4,0,0,4,0,4,4,3,0,4,0,0,0,3,0,2,4,3
u500,0,3,5,2,3,4,3,5,0,2,3,4,4,3,0,3,1,4,4,3
u501,4,3,0,0,4,0,4,4,5,0,4,0,0,3,4,4,0,0,4,0
u502,0,4,0,0,0,0,0,0,0,0,0,2,0,3,5,0,0,2,0,0
u503,0,5,0,5,4,5,0,0,5,5,3,0,5,0,0,5,3,0,5,5
u504,0,0,3,0,3,5,4,0,5,4,4,4,0,2,5,3,0,5,5,3
u505,0,5,1,3,3,4,3,3,1,4,4,4,3,3,0,3,0,1,0,3
u506,4,0,4,5,0,0,0,0,0,5,0,3,0,4,0,5,0,4,0,5
u507,5,5,0,0,0,0,0,0,0,0,5,5,0,5,5,5,0,4,0,5
u508,3,0,0,5,0,3,5,0,0,4,2,0,5,0,0,3,0,0,0,5
u509,0,0,0,0,0,0,0,0,0,0,0,3,0,2,5,4,0,4,0,5
u510,0,5,0,0,0,0,0,0,0,0,0,5,0,3,3,0,3,4,0,0
u511,0,5,0,0,0,0,0,0,0,0,0,4,0,4,4,0,0,0,0,0
u512,0,3,5,0,0,0,0,0,0,0,0,0,4,0,0,0,5,3,0,5
u513,5,0,0,0,0,0,0,0,4,0,5,0,0,0,0,5,0,4,0,5
u514,4,5,0,4,4,5,0,5,0,5,0,0,5,3,0,4,0,4,4,5
u515,0,4,0,0,0,0,0,0,0,0,0,5,0,3,4,0,2,4,0,0
u516,0,0,0,0,0,0,0,0,0,0,0,0,0,0,0,4,5,0,0,5
u517,4,0,0,0,1,0,0,0,4,0,0,5,3,1,0,4,0,5,0,5
u518,5,0,0,0,4,0,3,3,0,0,5,3,4,0,3,0,0,0,4,0
u519,0,5,0,0,0,0,0,0,0,0,0,0,0,0,4,0,0,0,0,0
u520,0,0,0,0,0,0,0,0,0,0,0,4,0,3,0,0,5,0,4,0
u521,4,0,4,3,0,0,3,3,4,4,2,3,2,0,3,4,0,4,3,4
u522,0,0,0,0,0,0,0,0,0,0,0,0,0,0,0,0,0,0,5,0
u523,0,0,3,0,0,0,0,0,0,0,0,0,5,0,0,5,0,5,0,5
u524,2,0,4,3,3,3,1,2,5,4,0,0,0,0,0,3,5,0,5,4
u525,0,0,0,0,4,0,5,3,3,0,4,4,4,0,4,4,0,0,4,0
u526,0,5,0,0,0,0,0,4,4,0,2,2,5,3,4,4,0,3,5,5
u527,0,0,4,5,0,0,0,5,5,4,0,0,0,0,0,4,2,0,5,4
u528,0,0,3,0,0,0,0,0,0,5,0,0,0,3,0,5,0,4,0,5
u529,0,0,0,0,0,0,0,0,0,0,0,4,0,4,4,0,4,4,0,0
u530,0,0,3,4,4,4,0,0,0,4,0,0,0,0,0,3,0,0,4,4
u531,0,5,0,0,0,0,0,0,0,0,0,4,0,0,1,0,5,0,0,0
u532,0,5,0,0,0,5,5,5,5,0,4,5,5,0,0,5,0,0,5,0
u533,5,5,3,4,2,4,3,0,5,4,4,4,4,4,2,5,4,4,5,5
u534,0,0,0,0,4,0,4,4,0,0,4,4,5,5,4,0,3,0,0,0
u535,0,0,3,3,4,2,4,5,0,4,4,3,3,0,0,4,2,5,5,5
u536,4,0,3,5,0,4,3,0,0,5,4,0,5,0,0,5,0,0,0,5
u537,2,4,5,3,3,3,2,4,5,3,1,1,2,1,2,2,3,4,4,4
u538,0,0,4,4,4,5,0,0,5,4,3,0,0,3,0,3,0,3,4,5
u539,0,0,2,0,0,0,0,0,3,0,0,0,0,0,0,0,4,4,0,3
u540,4,0,0,0,0,0,0,4,0,0,2,3,3,4,0,4,4,4,5,5
u541,4,0,0,5,0,0,3,0,0,4,3,0,4,0,0,5,0,4,0,5
u542,0,0,5,4,4,0,0,0,5,0,2,0,4,0,2,4,0,0,4,4
u543,0,3,5,0,4,4,0,0,0,4,0,0,0,0,0,0,0,0,0,0
u544,0,5,0,0,0,0,0,0,0,0,0,4,0,2,2,0,4,3,0,0
u545,4,0,0,5,0,5,4,0,0,4,5,0,5,0,0,5,0,3,0,5
u546,4,2,5,0,0,5,0,5,0,0,5,3,0,1,4,5,2,4,3,5
u547,0,5,0,0,0,0,0,0,0,0,0,0,0,1,0,0,0,4,0,0
u548,5,5,5,0,4,5,1,5,5,0,5,5,4,3,3,4,1,4,5,5
u549,0,0,0,0,4,0,3,0,5,0,4,0,5,0,4,4,0,5,4,5
u550,4,5,0,0,3,0,0,0,0,0,5,4,3,3,5,5,0,5,0,5
u551,5,4,5,2,4,5,0,5,5,4,5,4,0,4,4,2,4,4,4,2
u552,4,0,0,0,4,0,3,3,4,0,4,4,3,4,2,3,4,4,4,4
u553,0,0,4,0,0,5,5,0,0,4,0,0,3,0,0,4,0,0,5,4
u554,4,0,4,5,3,5,4,3,0,5,4,0,3,3,3,4,4,0,3,4
u555,0,0,0,0,0,0,0,4,0,0,3,0,0,0,3,5,0,3,5,5
u556,0,0,0,5,0,0,0,0,5,0,0,0,0,2,4,0,4,0,0,0
u557,0,0,0,0,0,0,0,0,4,0,0,4,0,3,1,0,0,0,0,4
u558,0,0,0,0,0,0,0,0,0,0,0,0,0,0,0,0,4,0,5,0
u559,0,0,3,0,0,0,0,0,4,4,0,4,0,1,0,0,0,0,0,0
u560,4,0,0,0,0,0,3,3,5,0,3,0,4,0,4,4,0,5,5,5
u561,3,0,5,2,0,4,2,5,0,4,3,0,2,0,0,3,4,2,4,3
u562,0,0,1,0,0,4,0,0,5,5,0,0,2,0,0,3,4,0,0,5
u563,0,0,0,5,5,0,0,0,0,0,0,0,0,3,0,4,0,0,0,5
u564,0,4,0,0,0,0,0,0,4,0,4,4,0,0,0,4,0,4,0,4
u565,0,0,0,0,0,0,0,0,0,0,0,0,0,0,0,0,0,0,0,0
u566,0,0,4,3,0,4,0,4,5,0,3,0,0,0,3,2,0,0,5,2
u567,0,0,4,0,0,0,0,4,5,1,0,0,3,0,0,1,0,0,1,1
u568,0,0,4,0,0,0,0,0,4,0,0,0,0,0,0,0,3,0,4,0
u569,3,0,0,0,4,0,5,4,0,0,3,3,4,2,3,0,5,5,5,5
u570,0,0,0,0,0,0,0,0,0,0,0,0,0,0,2,0,4,3,0,0
u571,0,0,0,0,0,0,0,0,0,4,0,0,0,0,0,4,0,0,0,0
u572,2,0,0,0,0,0,0,0,0,0,2,4,0,0,0,0,4,0,3,0
u573,0,0,0,0,4,0,0,0,4,4,0,0,0,0,0,0,3,4,0,4
u574,0,0,0,0,0,0,0,0,0,0,0,4,0,0,4,0,3,5,5,0
u575,0,0,0,0,0,4,0,0,2,0,0,0,0,1,0,2,0,0,0,2
u576,0,0,3,0,4,0,0,5,0,0,0,0,4,3,0,4,0,0,4,4
u577,0,4,3,4,4,4,4,2,0,5,5,0,5,4,0,5,0,0,4,4
u578,4,5,0,0,0,0,0,0,0,0,0,4,0,3,3,0,0,1,0,0
u579,0,0,3,0,0,4,0,3,0,0,0,0,4,4,4,0,4,5,4,5
u580,3,0,0,0,0,0,2,3,0,0,4,3,3,4,5,5,4,5,3,5
u581,3,0,0,0,0,0,0,4,5,0,0,0,0,0,0,3,0,0,5,4
u582,4,5,0,0,3,0,4,5,0,0,3,3,4,1,3,4,0,4,5,5
u583,0,0,0,0,0,0,0,5,0,0,0,0,0,0,0,0,4,4,5,0
u584,4,5,0,4,0,0,0,0,0,0,0,0,0,0,0,4,0,4,0,4
u585,0,3,0,0,0,0,0,0,0,0,0,0,0,0,0,0,4,0,0,0
u586,3,0,5,4,4,0,0,0,4,4,5,0,0,0,4,4,0,0,0,4
u587,0,5,0,0,0,0,0,0,0,0,0,4,0,3,4,0,4,4,0,0
u588,3,5,4,5,2,1,4,3,0,3,5,0,4,4,4,5,4,4,1,5
u589,0,5,0,0,0,0,0,0,0,0,0,5,0,5,5,0,3,2,0,0
u590,0,0,0,0,3,0,0,0,4,0,0,0,0,0,0,0,5,0,5,0
u591,0,0,4,3,3,0,0,0,4,0,0,3,0,0,0,0,4,0,5,0
u592,1,5,5,5,4,5,4,5,5,5,4,0,4,3,5,3,5,5,5,5
u593,0,4,5,4,4,5,0,0,0,4,4,0,3,0,4,4,5,0,5,4
u594,4,0,0,0,3,0,0,0,4,0,0,0,0,0,0,3,3,0,4,3
u595,3,0,0,0,3,0,5,0,5,0,2,0,0,2,3,5,0,4,4,5
u596,3,5,0,0,0,0,0,0,0,0,0,4,0,4,4,4,4,3,0,5
u597,0,0,0,0,0,0,4,0,4,0,0,5,3,4,0,4,3,0,0,5
u598,0,5,0,0,0,0,0,0,0,0,0,4,0,0,0,0,5,5,0,0
u599,0,0,0,0,5,0,0,0,0,0,0,0,4,4,4,0,0,0,0,0
u600,0,0,5,4,0,0,0,0,5,4,0,0,0,0,0,4,0,0,0,4
u601,4,0,3,4,0,3,3,0,4,4,2,0,0,1,1,5,0,5,4,5
u602,0,0,0,0,4,0,0,0,5,0,4,3,4,5,0,5,0,0,0,5
u603,4,5,4,5,0,0,0,5,0,3,0,0,0,4,3,5,0,0,4,5
u604,0,0,2,0,0,2,0,4,4,0,0,0,0,0,3,0,0,0,5,0
u605,0,0,0,0,3,5,0,0,5,3,1,2,4,4,5,0,4,0,5,0
u606,3,5,5,5,4,5,5,4,4,5,4,0,5,2,4,5,0,4,5,5
u607,3,0,5,0,0,0,0,0,0,3,2,0,0,0,0,0,0,0,4,0
u608,0,0,5,1,0,5,0,0,5,3,0,1,0,3,5,0,4,0,4,1
u609,0,5,0,0,0,0,0,0,0,0,0,0,1,2,2,0,0,3,0,0
u610,0,4,3,4,0,5,0,2,5,0,0,0,4,1,3,0,0,0,0,4
u611,0,3,0,0,0,0,0,0,0,0,0,5,0,0,3,0,5,0,0,0
u612,0,0,0,0,3,0,0,3,2,0,0,4,4,0,0,0,0,0,4,0
u613,0,0,0,0,0,0,0,0,4,0,0,0,4,0,0,0,0,5,0,5
u614,0,0,0,0,2,0,0,2,0,0,4,0,5,4,2,0,2,0,5,0
u615,0,0,0,0,4,0,0,0,5,0,0,4,0,3,0,0,4,0,3,0
u616,0,5,0,0,0,0,0,0,0,0,0,4,0,0,4,0,5,4,0,0
u617,0,1,1,0,0,2,0,3,0,1,0,0,0,1,1,0,0,0,4,0
u618,0,4,4,5,4,5,3,4,5,5,4,0,4,0,3,5,0,0,4,5
u619,0,5,3,0,0,0,0,0,4,4,5,5,0,1,3,4,0,5,0,4
u620,0,5,0,4,4,4,4,4,0,5,5,3,5,5,4,4,0,0,1,4
u621,4,5,0,5,0,0,5,4,0,3,3,3,3,0,0,5,0,0,5,5
u622,5,0,5,5,0,5,0,5,5,4,1,0,3,3,0,5,0,0,5,5
u623,4,0,0,0,0,0,0,0,4,0,4,0,0,0,1,5,2,4,0,5
u624,0,5,0,0,4,0,0,4,4,0,3,4,4,3,4,4,5,4,5,5
u625,4,0,0,4,0,0,3,0,0,4,3,3,0,3,0,4,4,4,3,5
u626,0,5,0,0,0,0,0,0,0,0,0,0,0,3,3,0,5,4,0,0
u627,0,0,2,3,4,0,0,5,0,3,3,4,0,0,3,0,0,4,5,0
u628,0,0,0,0,0,0,0,0,0,0,0,5,0,4,5,0,0,5,0,0
u629,0,0,5,5,0,5,0,2,5,5,0,4,0,3,4,0,4,4,5,5
u630,4,0,0,3,5,5,0,4,2,3,4,4,4,4,4,3,0,3,3,3
u631,0,4,0,0,0,0,0,0,0,0,0,0,0,3,3,0,3,0,0,0
u632,0,0,3,5,3,4,0,3,0,5,0,0,3,0,3,5,0,4,3,5
u633,0,0,2,3,4,4,0,0,0,0,3,4,0,0,2,0,0,0,0,4
u634,3,5,0,0,5,0,0,4,5,0,5,3,3,4,3,0,5,4,4,4
u635,0,0,0,0,3,0,0,0,0,0,0,3,4,3,0,0,0,0,0,0
u636,5,5,0,0,0,0,0,0,0,0,5,0,3,0,0,0,0,5,5,0
u637,0,0,0,0,2,0,5,1,2,0,4,3,4,3,0,4,5,0,4,4
u638,4,0,0,4,0,3,0,0,2,5,4,0,0,0,0,5,0,0,3,4
u639,0,1,0,0,1,4,0,0,0,4,0,3,0,0,0,0,4,0,1,0
u640,0,5,5,0,0,0,4,0,0,5,0,0,0,0,0,0,0,0,0,0
u641,0,0,0,0,0,0,0,0,0,0,0,0,0,0,0,0,0,3,0,3
u642,0,5,4,5,5,0,3,0,0,5,5,0,5,5,1,5,0,3,0,5
u643,0,0,5,5,0,3,0,4,5,4,4,0,5,0,4,3,0,0,5,4
u644,0,0,0,0,4,0,0,0,4,0,5,5,0,4,0,4,0,4,4,4
u645,0,0,3,4,0,4,0,0,0,4,0,0,0,0,3,4,4,3,0,4
u646,0,5,0,0,0,0,0,0,0,0,0,3,0,2,3,0,3,3,0,0
u647,4,0,0,0,3,0,0,0,0,4,4,4,0,3,0,0,0,0,0,0
u648,5,0,1,5,0,4,2,3,3,5,5,0,5,3,4,5,1,0,0,5
u649,0,0,0,0,0,0,0,0,5,0,2,0,5,0,0,4,0,0,0,4
u650,4,4,3,4,0,4,3,4,2,4,3,0,3,3,3,4,3,3,4,5
u651,0,0,0,0,0,0,0,0,4,0,0,0,0,1,0,0,4,0,0,0
u652,0,0,0,0,0,0,0,0,0,0,0,4,0,2,2,0,3,0,0,0
u653,3,4,5,3,2,2,3,2,5,5,4,4,4,2,0,4,4,3,4,5
u654,5,5,4,4,4,5,4,0,0,5,4,5,4,3,3,3,0,4,1,5
u655,2,4,3,4,3,4,0,3,5,3,3,3,2,3,3,3,3,2,3,4
u656,0,0,0,0,0,0,0,0,0,0,0,2,0,0,0,0,1,0,0,0
u657,0,0,0,0,0,0,4,3,0,0,0,2,3,5,0,0,4,2,0,0
u658,0,0,5,0,0,4,5,4,5,0,0,0,4,0,0,3,0,0,4,4
u659,0,5,5,3,0,4,0,3,5,4,4,0,0,4,0,3,0,4,0,3
u660,2,4,1,4,0,4,5,3,0,4,2,0,3,3,0,4,0,0,3,4
u661,3,4,0,5,4,0,0,0,0,5,2,3,5,4,0,5,0,4,0,5
u662,0,0,0,0,0,0,0,0,0,0,0,0,0,0,0,0,3,0,5,3
u663,0,5,5,0,4,5,3,4,5,5,4,4,4,3,4,4,3,3,4,5
u664,3,0,4,5,2,4,4,3,5,5,3,0,4,0,0,0,4,0,5,5
u665,3,4,5,4,3,4,3,4,4,0,2,0,4,2,0,4,4,0,3,4
u666,3,0,4,3,3,4,2,4,5,3,3,3,0,3,3,2,5,4,4,3
u667,0,3,0,0,0,4,0,0,0,0,0,0,0,0,0,0,0,0,0,0
u668,0,0,0,0,0,0,0,0,0,0,0,4,0,3,4,0,4,2,0,5
u669,3,4,2,3,0,0,5,3,5,3,3,4,5,0,0,5,0,2,0,5
u670,4,0,0,0,0,2,0,0,0,4,0,0,0,0,0,0,0,0,0,0
u671,1,0,1,5,5,4,0,5,0,5,4,0,0,0,5,5,0,5,0,5
u672,0,0,0,0,2,0,0,0,4,0,0,0,0,0,0,3,0,0,0,3
u673,0,4,0,0,0,0,0,0,0,0,0,3,0,4,4,0,4,2,0,0
u674,3,5,0,0,0,0,2,0,5,0,4,3,4,4,3,4,0,0,0,4
u675,0,0,0,0,0,0,0,0,0,0,0,0,0,0,0,0,4,3,0,0
u676,4,4,0,5,0,0,0,0,0,5,0,4,5,4,1,5,4,2,5,5
u677,4,0,0,0,4,0,4,4,0,0,0,5,4,5,5,0,1,0,0,0
u678,3,0,0,0,3,0,0,4,5,0,0,4,5,0,0,3,0,0,5,4
u679,4,0,4,5,0,0,0,0,0,3,2,0,3,1,4,5,5,0,3,5
u680,0,0,0,0,0,4,5,5,0,0,3,0,4,4,0,0,4,0,3,5
u681,0,0,0,0,0,0,0,0,0,0,0,0,0,5,1,0,5,1,0,0
u682,4,0,4,5,3,4,5,4,5,4,4,2,4,3,4,5,0,3,3,5
u683,0,2,5,0,0,0,0,0,4,0,0,3,0,3,3,0,2,3,0,0
u684,0,0,0,5,5,4,3,0,0,0,3,0,4,0,0,4,0,0,4,4
u685,0,0,0,0,0,0,0,0,0,0,0,0,0,0,2,0,1,0,0,0
u686,0,0,5,4,0,5,0,0,5,4,0,0,0,0,0,4,0,0,0,4
u687,0,5,0,0,0,0,0,0,0,0,0,4,0,3,4,0,3,0,0,0
u688,0,0,0,0,0,0,0,0,0,0,0,0,0,0,5,0,0,0,0,0
u689,5,0,0,0,3,0,3,5,0,0,5,5,3,0,0,5,0,5,0,5
u690,0,0,4,0,4,5,0,0,4,4,3,0,4,3,0,0,0,0,0,0
u691,0,0,4,0,0,4,0,0,0,0,0,0,5,4,0,0,0,0,0,4
u692,0,0,3,0,0,0,0,0,3,0,0,4,4,3,0,0,0,0,4,0
u693,2,5,4,3,0,4,0,4,4,4,2,2,0,0,2,3,0,4,0,3
u694,0,0,0,5,4,5,0,0,5,5,5,4,0,0,0,5,0,0,4,5
u695,0,2,0,0,0,0,0,0,0,0,0,1,0,0,4,0,3,0,0,0
u696,0,3,0,0,0,0,0,0,0,0,0,0,0,0,0,0,5,0,0,0
u697,4,0,0,0,5,0,0,5,5,0,4,5,5,4,2,4,4,0,0,5
u698,4,0,0,5,0,0,0,0,4,3,2,4,4,4,0,3,0,3,2,5
u699,3,0,0,0,0,4,3,2,3,0,3,3,3,3,3,3,3,5,4,3
u700,3,0,3,0,0,3,0,0,0,4,0,0,0,0,0,5,0,0,0,5
u701,0,4,0,0,5,0,0,0,4,0,0,3,4,0,0,0,4,0,5,5
u702,5,5,0,0,0,0,0,0,0,0,0,3,0,1,1,0,0,5,0,0
u703,4,0,0,0,5,0,0,4,5,0,5,4,4,2,4,5,0,4,4,5
u704,3,0,0,2,0,5,0,0,0,0,0,2,0,0,0,0,5,0,4,5
u705,5,0,0,3,0,0,3,0,0,5,5,5,5,0,0,5,3,0,0,4
u706,0,0,0,0,4,0,0,3,0,0,0,0,4,4,3,4,0,4,1,5
u707,0,2,0,2,0,0,4,0,0,2,0,0,0,2,0,0,5,0,5,0
u708,5,5,0,0,5,0,4,0,3,0,3,4,5,3,0,5,0,5,0,5
u709,0,0,5,5,0,4,0,3,5,5,4,0,4,3,5,4,0,0,0,5
u710,0,4,5,4,0,0,0,0,5,4,0,3,4,3,0,3,4,2,4,4
u711,3,4,0,5,0,5,4,0,0,0,1,0,0,0,1,4,4,4,0,4
u712,0,0,0,5,0,0,0,0,0,5,0,0,0,4,0,5,0,0,0,4
u713,0,3,0,0,0,0,0,0,0,0,0,2,0,0,0,0,3,0,0,0
u714,0,0,0,0,3,0,3,4,0,0,4,5,3,4,0,5,0,4,1,5
u715,3,0,5,4,4,5,0,3,0,4,4,0,5,0,4,4,0,0,2,5
u716,4,0,5,4,5,5,5,0,5,5,5,5,5,4,0,4,0,0,0,5
u717,4,5,0,0,5,0,0,4,4,0,2,5,0,3,1,0,3,5,4,4
u718,4,0,0,0,0,0,0,0,0,0,4,5,0,0,0,0,0,0,0,0
u719,0,0,0,0,2,5,0,2,3,0,1,2,0,2,0,0,0,0,0,2
u720,0,3,0,0,0,0,0,0,0,0,0,0,0,0,0,0,5,4,0,0
u721,5,0,3,5,3,0,0,0,5,5,0,5,5,3,3,5,5,3,0,5
u722,0,0,0,0,4,0,5,4,0,0,5,3,0,2,0,0,4,0,4,0
u723,0,0,0,4,0,0,0,0,0,4,0,0,3,0,0,0,3,4,0,4
u724,0,5,0,0,0,0,0,0,0,0,0,3,0,4,4,0,1,4,0,0
u725,0,0,0,0,0,0,0,0,0,0,0,4,0,3,3,4,5,4,5,0
u726,0,0,0,0,0,0,0,0,0,0,0,0,4,5,0,0,0,0,0,0
u727,3,0,3,5,0,4,0,2,4,4,4,0,3,4,0,3,0,2,2,4
u728,0,0,0,0,4,0,0,0,0,0,0,0,0,0,0,0,3,0,5,0
u729,0,3,0,0,0,0,0,0,0,0,0,4,0,2,2,0,0,0,0,0
u730,0,0,0,0,3,0,4,4,0,0,4,3,4,4,0,2,0,5,5,4
u731,0,0,2,0,4,0,0,0,4,0,0,0,2,0,0,0,0,0,0,0
u732,0,0,0,0,0,0,0,0,0,0,0,4,0,3,4,0,5,0,0,0
u733,0,0,0,0,3,0,4,3,3,0,3,0,2,2,2,0,4,3,5,0
u734,1,4,1,4,0,4,0,0,0,4,4,0,0,1,4,0,0,0,0,4
u735,0,0,0,0,4,0,0,3,4,0,0,4,4,0,4,4,5,4,2,5
u736,0,0,0,0,0,0,0,0,4,0,0,0,0,3,0,2,4,0,0,3
u737,3,0,0,0,0,0,0,0,5,2,0,0,0,0,0,0,0,5,5,0
u738,4,5,4,4,0,4,4,4,4,5,4,0,5,0,0,4,0,4,2,5
u739,0,0,4,4,0,3,0,0,0,0,0,0,0,0,1,0,2,0,5,4
u740,0,0,0,0,0,0,0,0,0,0,0,4,0,4,4,0,5,3,0,0
u741,0,4,4,5,0,5,3,3,0,5,2,0,0,0,4,4,0,0,0,5
u742,2,0,0,0,4,0,0,3,5,0,0,0,4,3,0,3,0,5,5,4
u743,4,0,0,0,0,0,0,0,0,0,0,4,0,2,2,3,3,5,5,0
u744,0,0,0,0,4,0,0,0,5,4,0,0,4,0,0,0,0,0,0,3
u745,2,0,0,0,0,5,2,4,2,3,0,0,2,0,0,2,1,5,5,2
u746,3,0,3,5,0,0,0,0,2,5,3,0,4,0,0,5,0,0,0,5
u747,2,5,5,5,0,5,0,4,5,5,0,0,5,0,4,5,4,2,5,5
u748,4,0,4,4,4,0,0,4,0,5,0,4,4,0,0,4,3,5,0,5
u749,3,0,2,5,3,5,5,0,4,5,3,4,4,2,0,5,0,4,3,5
u750,0,0,0,0,0,0,0,0,0,0,0,3,0,4,4,0,4,3,0,0
u751,0,2,4,5,2,5,0,3,0,4,4,2,3,0,0,5,0,0,4,5
u752,0,3,0,0,0,0,0,0,0,0,0,3,0,3,5,0,1,3,0,0
u753,0,5,0,3,0,5,0,0,0,4,0,1,0,5,0,3,3,0,0,4
u754,0,0,0,0,3,0,0,0,4,0,0,0,0,0,0,0,3,0,0,0
u755,0,0,0,0,0,0,0,0,0,0,0,4,0,3,1,0,5,5,0,0
u756,2,0,0,0,0,0,4,0,0,0,3,4,4,0,0,4,0,3,5,4
u757,4,3,4,4,0,4,4,4,0,5,2,0,4,0,4,3,0,5,3,4
u758,4,4,5,4,4,5,5,5,5,5,2,2,0,5,4,4,5,4,5,4
u759,5,0,0,0,3,0,0,0,2,0,5,5,5,5,0,5,0,4,0,4
u760,0,0,0,3,3,3,0,0,0,0,0,1,0,0,4,3,0,5,0,3
u761,4,0,0,0,5,0,2,4,3,0,0,0,1,3,4,5,0,4,0,5
u762,0,0,0,0,3,0,0,0,0,0,0,0,0,0,0,0,4,0,0,0
u763,5,0,5,0,3,4,4,0,4,4,0,0,4,0,0,0,4,3,5,4
u764,4,0,4,0,4,5,4,4,0,5,5,0,4,3,0,0,4,0,4,3
u765,2,0,0,0,3,0,4,0,5,0,0,0,0,0,0,0,5,0,0,2
u766,0,0,0,3,0,3,0,0,5,3,0,0,0,2,0,4,0,0,0,4
u767,5,0,4,5,0,5,0,0,0,0,0,4,5,0,0,0,0,0,5,0
u768,4,5,0,0,4,0,2,0,5,0,4,5,5,0,4,0,0,0,5,4
u769,4,0,0,0,3,0,0,0,0,0,4,0,4,0,0,0,0,3,0,0
u770,4,0,0,0,0,0,5,5,0,0,0,5,5,3,4,3,0,5,5,3
u771,2,3,0,4,5,1,0,0,0,0,0,0,5,4,0,4,2,5,0,4
u772,0,5,0,0,0,0,0,0,0,0,0,4,0,4,2,0,0,5,0,0
u773,0,0,2,5,0,4,0,2,5,3,2,0,3,0,2,5,3,5,4,5
u774,3,0,2,3,0,4,0,2,4,3,1,2,0,1,0,3,0,1,1,4
u775,0,4,0,0,0,0,0,0,0,0,0,4,0,0,0,0,4,4,0,0
u776,0,0,0,0,0,4,0,4,5,5,0,0,0,0,0,4,0,0,0,5
u777,0,0,5,0,0,0,0,0,1,0,0,0,4,0,4,0,2,0,1,0
u778,0,0,3,0,0,4,0,4,0,4,3,0,0,0,0,0,0,0,0,0
u779,4,0,0,0,0,0,0,3,0,0,3,3,4,5,0,5,0,5,0,5
u780,0,5,0,5,0,1,0,0,0,5,0,3,0,3,0,0,4,0,0,5
u781,0,0,3,5,0,0,0,0,5,5,0,0,0,1,2,5,1,2,5,5
u782,0,5,0,0,0,0,0,0,4,0,0,4,0,3,4,3,2,4,0,3
u783,0,0,0,0,0,0,0,0,0,0,0,4,0,3,3,0,3,4,0,0
u784,0,5,0,0,0,0,0,0,0,0,0,4,0,0,0,0,3,5,0,0
u785,0,0,4,0,0,0,0,0,0,5,0,0,4,4,3,0,0,0,0,5
u786,4,0,0,5,5,5,0,5,4,4,2,0,4,0,0,4,4,0,4,4
u787,0,5,0,0,0,0,0,0,0,0,0,4,0,3,1,0,3,5,0,0
u788,3,0,3,3,4,5,1,4,0,2,4,5,3,3,0,0,5,4,5,0
u789,0,0,0,0,0,0,2,0,5,0,0,0,3,3,3,4,1,0,5,5
u790,3,0,4,4,4,5,4,4,0,4,3,0,3,2,4,4,0,3,2,4
u791,0,0,0,0,0,0,0,0,0,0,0,5,0,3,3,5,3,0,0,5
u792,0,0,0,0,3,0,3,4,0,0,4,0,4,0,0,0,0,0,4,0
u793,3,0,0,0,3,0,5,3,5,0,3,0,4,5,4,4,0,0,4,5
u794,0,0,0,0,0,0,0,0,5,0,0,0,4,0,0,4,3,0,5,5
u795,3,0,0,3,0,0,3,5,0,4,3,0,4,0,0,4,0,0,5,3
u796,5,4,5,4,5,5,5,0,5,5,5,4,2,3,0,5,2,4,3,5
u797,0,0,0,0,0,0,0,0,4,0,0,2,0,3,0,5,2,0,0,5
u798,3,0,0,4,0,1,3,0,0,4,5,0,4,0,0,5,0,4,0,5
u799,0,0,0,0,0,0,0,0,4,5,0,0,0,0,0,0,5,5,0,4
u800,4,0,0,0,4,0,0,0,4,0,4,4,4,3,0,4,0,0,0,4
u801,0,5,0,0,0,0,0,0,0,0,0,5,0,5,5,0,0,0,0,0
u802,0,0,3,0,0,4,0,5,0,0,0,4,0,4,3,0,2,5,0,0
u803,0,0,0,0,0,0,0,0,0,0,0,3,0,0,0,0,5,0,0,0
u804,5,0,3,4,4,5,3,4,3,5,4,0,5,5,1,5,0,0,5,4
u805,4,0,4,4,0,5,5,5,3,3,3,0,4,1,1,3,0,3,5,4
u806,4,0,5,3,2,4,0,0,5,5,4,0,4,0,3,2,3,3,4,5
u807,4,5,0,5,0,0,4,0,3,5,4,5,4,0,0,5,0,3,0,5
u808,0,5,0,0,0,0,0,0,0,0,0,4,0,5,3,0,4,0,0,0
u809,0,4,0,0,0,0,0,0,0,0,0,4,0,0,0,0,4,3,0,0
u810,0,5,0,0,0,0,0,0,0,0,0,5,0,5,3,0,4,0,0,0
u811,0,0,0,0,0,0,0,0,0,0,0,5,0,4,0,0,5,5,0,0
u812,0,0,0,0,0,0,0,0,0,0,0,5,0,5,4,0,2,0,0,0
u813,0,0,0,0,0,0,0,0,0,0,0,4,0,1,0,0,0,0,0,0
u814,0,0,3,0,0,4,0,4,0,0,0,0,0,0,4,0,0,0,4,0
u815,4,5,0,5,0,4,4,4,3,4,2,0,5,0,0,5,0,4,0,5
u816,0,5,0,0,0,0,0,0,0,0,0,4,0,5,4,0,0,3,0,0
u817,4,0,0,0,0,0,0,4,0,0,3,3,4,4,4,0,0,3,0,0
u818,0,4,0,0,0,0,0,0,0,0,0,2,0,0,5,0,4,4,0,0
u819,0,0,0,0,0,0,0,0,0,0,0,5,0,0,0,0,5,2,0,0
u820,0,5,0,0,0,0,0,0,0,0,0,0,0,0,5,0,4,3,0,0
u821,0,0,5,0,5,5,4,0,0,5,3,0,5,4,0,4,0,0,2,0
u822,0,0,0,0,0,0,0,0,0,0,0,0,4,0,0,0,0,0,0,0
u823,3,0,5,5,4,5,4,5,5,5,0,0,4,3,0,4,5,0,5,5
u824,0,0,0,0,0,0,0,0,0,0,0,0,0,3,3,0,2,0,0,0
u825,5,0,0,0,4,5,0,5,3,5,5,0,0,4,1,4,4,4,4,4
u826,0,5,5,5,0,0,0,0,5,5,0,0,4,4,3,5,0,4,0,5
u827,0,3,0,0,0,0,0,0,0,0,0,3,0,4,3,0,3,3,0,0
u828,0,3,0,0,0,0,0,0,0,0,0,0,0,0,3,0,4,0,0,0
u829,4,4,0,0,3,0,4,0,0,0,0,0,4,2,0,0,4,3,4,0
u830,3,5,2,5,0,5,3,0,4,5,0,0,4,3,1,5,0,0,5,5
u831,0,5,5,0,4,0,0,5,0,5,0,3,4,4,1,5,0,2,4,5
u832,0,5,0,0,0,0,0,0,0,0,0,0,0,4,3,3,3,3,0,3
u833,0,0,4,2,0,3,4,3,5,2,1,0,0,0,2,2,0,0,4,2
u834,0,5,0,0,5,0,4,4,5,0,0,3,0,3,5,5,4,4,4,5
u835,0,5,0,0,4,5,0,0,4,5,0,0,3,3,2,0,3,0,0,4
u836,0,0,4,0,0,0,0,0,0,5,0,0,0,0,1,0,3,4,0,0
u837,3,0,0,0,3,0,5,0,0,0,0,0,0,4,0,3,4,4,0,0
u838,4,5,5,5,0,0,0,5,5,4,2,2,5,0,0,5,4,5,4,5
u839,0,0,0,0,3,0,0,2,5,0,3,0,4,0,0,3,4,4,3,5
u840,0,0,5,3,0,5,0,4,4,4,2,3,0,0,0,3,0,0,5,4
u841,0,5,0,0,0,0,0,0,0,0,0,4,0,0,3,0,5,5,0,0
u842,0,4,0,0,0,0,0,0,0,0,0,0,0,0,3,0,0,3,0,0
u843,3,0,3,3,0,3,2,5,2,4,3,3,3,0,4,3,0,4,0,3
u844,3,0,4,4,0,0,4,3,0,4,3,3,0,2,0,5,0,4,4,5
u845,0,4,0,0,0,0,0,0,0,0,0,0,0,0,0,0,5,0,0,0
u846,0,0,5,4,0,4,0,0,5,5,0,0,0,3,4,5,0,3,0,5
u847,5,0,1,4,0,4,4,3,0,4,3,0,3,0,4,4,0,5,0,4
u848,0,0,0,5,0,0,4,0,3,5,4,0,0,5,0,5,0,0,0,5
u849,0,0,0,5,0,0,0,0,0,5,5,0,0,0,5,0,0,0,0,0
u850,0,0,1,5,0,1,0,0,0,5,5,5,0,5,0,5,0,0,0,5
u851,0,4,5,5,0,0,0,0,5,5,4,0,0,0,0,0,4,4,0,5
u852,0,0,0,0,0,0,4,3,4,0,4,0,4,0,0,4,0,0,4,5
u853,0,0,0,0,0,0,0,0,0,0,0,5,0,2,4,0,3,3,0,0
u854,4,0,5,0,3,4,4,4,4,3,1,0,3,2,5,0,1,4,5,4
u855,0,0,0,0,0,0,0,0,0,0,0,0,0,0,0,0,0,0,0,0
u856,0,5,0,0,0,0,0,0,0,0,0,4,0,4,0,0,4,4,0,0
u857,0,0,0,0,0,0,0,0,0,0,0,3,0,3,0,0,0,5,0,0
u858,0,0,0,0,0,0,0,0,5,0,0,0,0,0,0,2,4,0,3,0
u859,0,5,0,0,0,0,2,0,0,0,0,0,0,3,4,0,0,0,0,0
u860,0,4,4,0,0,0,0,0,0,0,0,4,0,2,0,0,4,0,4,0
u861,0,0,0,0,0,0,0,0,0,0,0,0,0,3,0,0,4,0,0,0
u862,5,0,3,5,0,5,5,5,5,5,5,0,0,0,5,5,0,5,5,5
u863,0,5,0,0,0,0,0,0,0,0,0,5,0,4,4,0,5,5,0,0
u864,4,0,5,5,4,5,5,5,4,5,4,0,5,4,5,5,5,5,5,5
u865,2,0,0,0,0,0,0,5,0,0,1,0,1,4,0,0,0,4,4,0
u866,0,1,0,0,0,0,0,0,0,0,0,1,0,0,0,0,0,0,0,0
u867,4,0,5,5,0,5,0,5,0,5,0,2,4,3,0,5,5,3,0,5
u868,3,0,3,5,1,4,5,5,4,5,2,0,4,0,0,5,0,0,5,5
u869,0,0,0,0,4,0,5,0,5,0,0,0,0,3,3,3,0,0,5,4
u870,0,4,5,4,0,4,0,4,5,5,0,0,5,0,4,4,4,4,4,3
u871,0,5,5,5,3,0,0,0,5,5,4,4,0,0,0,3,3,5,0,5
u872,0,5,0,0,4,0,2,0,0,0,4,5,3,3,5,0,0,4,0,0
u873,0,5,0,0,0,0,0,0,0,0,0,4,0,4,0,0,2,3,0,0
u874,0,3,0,0,0,0,0,0,5,0,0,0,0,0,0,0,4,0,4,0
u875,0,0,5,4,0,5,0,0,0,5,0,3,0,2,4,4,3,4,0,5
u876,0,0,0,0,0,0,0,0,0,4,0,0,0,4,3,0,5,0,0,0
u877,2,0,5,0,4,5,0,0,0,0,0,3,0,0,3,0,2,4,0,0
u878,0,0,0,4,3,4,1,0,4,3,0,0,0,0,0,3,4,3,2,4
u879,4,0,0,0,4,0,3,0,5,0,4,3,4,3,0,4,0,0,0,4
u880,4,0,5,5,4,5,4,3,5,4,2,3,4,4,4,5,0,4,5,5
u881,5,0,1,4,0,5,2,4,4,5,5,0,4,3,0,4,2,0,4,3
u882,5,0,4,5,5,5,5,4,0,5,4,0,5,4,3,5,0,3,0,5
u883,3,3,5,4,3,3,5,5,5,4,0,0,3,0,0,0,3,0,4,4
u884,0,0,0,0,0,0,0,0,4,0,0,1,0,0,0,0,0,5,5,0
u885,0,0,3,3,5,0,4,3,0,5,0,4,5,0,0,3,0,0,3,3
u886,4,0,4,5,4,4,0,5,4,5,0,0,4,0,4,5,0,0,4,5
u887,3,0,5,5,0,3,5,4,3,0,5,0,5,5,4,5,0,1,2,5
u888,0,0,0,0,5,0,0,0,0,0,0,0,0,0,0,0,5,0,4,0
u889,0,0,5,4,4,4,3,3,4,4,4,3,3,3,0,4,0,4,4,4
u890,0,5,0,5,3,4,5,4,5,5,2,0,4,0,0,4,5,3,0,5
u891,0,5,0,0,5,0,0,0,4,0,4,0,0,0,0,3,5,0,5,4
u892,4,0,4,5,4,5,4,4,5,5,4,4,5,0,4,4,0,0,5,5
u893,0,0,5,5,4,0,4,0,0,0,4,0,5,3,3,0,4,3,0,5
u894,0,4,0,0,4,0,0,4,0,0,3,4,4,0,3,0,5,4,4,4
u895,3,0,0,0,0,0,5,0,0,0,0,0,4,4,0,5,0,0,4,5
u896,4,4,0,5,5,5,0,4,5,5,3,2,4,0,3,5,0,5,3,5
u897,4,0,2,4,0,5,5,0,5,5,5,0,5,3,5,3,0,0,0,5
u898,0,4,0,0,0,0,0,0,0,0,0,2,0,0,4,0,2,3,0,0
u899,4,0,0,4,4,4,2,0,0,5,5,0,3,0,0,3,0,5,0,5
u900,0,0,0,0,4,0,0,0,0,0,2,0,0,4,2,0,0,0,4,0
u901,4,0,1,5,3,0,3,0,0,5,4,0,5,3,0,4,0,0,0,4
u902,0,0,0,4,0,0,0,0,3,0,0,4,5,2,0,3,0,3,0,5
u903,0,0,5,0,0,5,0,2,5,0,3,0,3,0,4,4,0,0,5,5
u904,0,0,0,0,5,0,0,0,0,0,0,4,0,0,4,3,0,0,0,0
u905,0,4,0,0,3,0,0,4,0,0,0,4,0,3,0,0,0,3,4,0
u906,0,0,0,0,4,0,0,3,0,0,4,3,0,0,0,0,5,0,4,0
u907,0,5,0,4,5,5,4,0,0,0,4,0,5,4,5,4,5,4,5,4
u908,0,0,4,3,0,5,3,3,4,3,0,3,0,0,4,3,0,0,4,4
u909,0,0,0,0,0,0,0,0,0,0,0,5,0,3,0,0,4,0,0,0
u910,4,4,4,0,4,4,0,0,5,5,1,4,4,0,3,1,3,0,4,5
u911,0,2,0,4,0,2,5,4,0,4,0,0,0,0,0,0,0,0,0,0
u912,0,0,2,3,0,0,0,0,0,3,0,0,0,0,0,0,0,0,0,0
u913,3,0,5,5,4,4,4,5,4,5,0,0,2,0,2,3,0,4,3,4
u914,0,3,0,0,0,0,0,0,0,0,0,0,0,0,0,0,0,0,0,0
u915,0,4,0,0,0,0,0,0,0,0,0,3,0,0,2,0,4,2,0,0
u916,3,0,5,5,3,5,3,4,0,5,3,0,4,0,0,4,4,0,5,5
u917,0,0,0,0,5,0,0,0,0,0,1,0,3,0,0,0,0,0,4,3
u918,0,0,0,0,0,0,2,0,0,3,0,0,3,0,0,0,0,0,0,0
u919,3,5,0,0,4,5,4,3,0,4,0,4,4,3,4,4,4,4,5,3
u920,0,5,0,0,0,0,0,0,0,0,0,3,0,0,3,0,2,4,0,0
u921,5,5,0,4,3,0,3,0,0,5,5,0,3,4,3,5,0,0,0,4
u922,4,0,1,5,4,5,5,0,3,5,0,0,5,4,2,5,0,4,0,5
u923,4,0,0,0,4,0,4,0,0,5,4,0,3,4,5,5,0,0,5,5
u924,0,4,3,4,4,0,0,4,3,5,4,2,5,0,3,3,3,3,4,5
u925,0,0,3,0,0,4,0,0,0,0,0,0,0,0,5,0,0,0,0,0
u926,0,3,0,0,3,0,0,0,0,0,0,3,0,3,3,0,4,4,0,0
u927,5,0,4,0,4,0,0,3,0,3,5,5,5,5,5,0,0,0,0,0
u928,0,0,0,5,0,5,0,0,5,0,0,0,0,0,3,0,0,0,0,0
u929,0,0,4,4,0,5,0,0,5,3,0,0,3,0,0,0,0,0,4,4
u930,0,0,0,0,3,0,2,0,0,3,4,4,3,0,1,0,3,0,3,2
u931,0,4,0,0,3,0,0,0,5,0,2,5,0,0,0,4,5,3,4,3
u932,4,0,4,5,0,5,3,4,0,4,3,0,4,0,0,0,0,0,5,0
u933,1,0,5,2,0,5,4,4,5,4,3,0,3,0,0,2,0,0,5,4
u934,0,3,5,5,4,0,3,0,0,5,3,0,2,0,0,4,4,0,4,5
u935,0,5,0,0,5,0,0,0,4,0,4,4,3,0,0,4,5,0,3,0
u936,0,4,0,0,4,0,0,4,5,0,4,3,4,3,0,4,5,3,4,4
u937,3,0,0,0,4,0,0,0,0,0,0,4,0,1,0,0,4,4,3,5
u938,5,5,0,0,2,0,4,4,5,0,5,3,4,0,5,5,3,5,5,5
u939,5,0,0,0,5,0,0,0,5,0,5,0,0,0,0,0,0,4,0,0
u940,0,5,5,4,0,4,3,4,0,4,0,5,0,4,0,3,3,5,3,4
u941,2,0,0,0,0,0,0,4,0,0,0,4,5,4,0,5,0,4,0,0
u942,0,3,0,5,0,0,0,0,0,5,0,5,0,0,0,0,0,4,0,5
u943,0,0,5,4,4,5,4,0,5,4,3,0,0,0,0,4,0,0,5,4
